{
  "rasa_nlu_data": {
    "common_examples": [
      {
        "intent": "greet",
        "text": "hi"
      },
      {
        "intent": "greet",
        "text": "hiho"
      },
      {
        "intent": "greet",
        "text": "hi ho"
      },
      {
        "intent": "greet",
        "text": "begin"
      },
      {
        "intent": "greet",
        "text": "hello"
      },
      {
        "intent": "greet",
        "text": "start"
      },
      {
        "intent": "user_need_help",
        "entities": [
          {
            "start": 7,
            "end": 11,
            "value": "help",
            "entity": "user_need_help"
          }
        ],
        "text": "i need help"
      },
      {
        "intent": "user_need_help",
        "entities": [
          {
            "start": 0,
            "end": 4,
            "value": "help",
            "entity": "user_need_help"
          }
        ],
        "text": "help"
      },
      {
        "intent": "getusername",
        "entities": [
          {
            "start": 0,
            "end": 5,
            "value": "myname",
            "entity": "username"
          }
        ],
        "text": "myname"
      },
      {
        "intent": "goodbye",
        "text": "bye"
      },
      {
        "intent": "goodbye",
        "text": "good bye"
      },
      {
        "intent": "goodbye",
        "text": "goodbye"
      },
      {
        "intent": "goodbye",
        "text": "end"
      }
    ],
    "regex_features": [],
    "entity_synonyms": []
  }
}