{
  "rasa_nlu_data": {
    "common_examples": [
      {
        "text": "hi",
        "intent": "greet",
        "entities": []
      },
      {
        "text": "hiho",
        "intent": "greet",
        "entities": []
      },
      {
        "text": "hi ho",
        "intent": "greet",
        "entities": []
      },
      {
        "text": "begin",
        "intent": "greet",
        "entities": []
      },

      {
        "text": "hello",
        "intent": "greet",
        "entities": []
      },
      {
        "text": "start",
        "intent": "greet",
        "entities": []
      },
      {
        "text": "i need help",
        "intent": "user_need_help",
        "entities": [
          {
            "start": 7,
            "end": 11,
            "value": "help",
            "entity": "user_need_help"
          }
        ]
      },
      {
        "text": "help",
        "intent": "user_need_help",
        "entities": [
          {
            "start": 0,
            "end": 4,
            "value": "help",
            "entity": "user_need_help"
          }
        ]
      },
      {
        "text": "myname",
        "intent": "getusername",
        "entities": [
          {
            "start": 0,
            "end": 5,
            "value": "myname",
            "entity": "username"
          }
        ]
      },

      {
        "text": "bye",
        "intent": "goodbye",
        "entities": []
      },

      {
        "text": "good bye",
        "intent": "goodbye",
        "entities": []
      },

      {
        "text": "goodbye",
        "intent": "goodbye",
        "entities": []
      },

      {
        "text": "end",
        "intent": "goodbye",
        "entities": []
      }
    ],
    "regex_features": [],
    "entity_synonyms": []
  }
}