{"py/object": "rasa_core.featurizers.MaxHistoryTrackerFeaturizer", "max_history": 5, "remove_duplicates": true, "state_featurizer": {"py/object": "rasa_core.featurizers.BinarySingleStateFeaturizer", "input_state_map": {"entity_user_need_help": 4, "entity_username": 5, "intent_getusername": 3, "intent_goodbye": 1, "intent_greet": 0, "intent_user_need_help": 2, "prev_action_help": 12, "prev_action_listen": 7, "prev_action_restart": 8, "prev_utter_goodbye": 11, "prev_utter_greet": 10, "prev_utter_greet_user": 13, "prev_utter_user_authorization": 9, "slot_username_0": 6}, "num_features": 14, "slot_feature_len": 1, "user_feature_len": 6}, "use_intent_probabilities": false}