{
    "language": "en",
    "pipeline": [
        {
            "model": "en",
            "case_sensitive": false,
            "name": "nlp_spacy",
            "class": "rasa_nlu.utils.spacy_utils.SpacyNLP"
        },
        {
            "name": "tokenizer_spacy",
            "class": "rasa_nlu.tokenizers.spacy_tokenizer.SpacyTokenizer"
        },
        {
            "name": "intent_featurizer_spacy",
            "class": "rasa_nlu.featurizers.spacy_featurizer.SpacyFeaturizer"
        },
        {
            "C": [
                1,
                2,
                5,
                10,
                20,
                100
            ],
            "kernels": [
                "linear"
            ],
            "max_cross_validation_folds": 5,
            "name": "intent_classifier_sklearn",
            "classifier_file": "intent_classifier_sklearn.pkl",
            "class": "rasa_nlu.classifiers.sklearn_intent_classifier.SklearnIntentClassifier"
        }
    ],
    "training_data": "training_data.json",
    "trained_at": "20180713-173612",
    "rasa_nlu_version": "0.12.3"
}