{
  "rasa_nlu_data": {
    "common_examples": [
      {
        "intent": "greet",
        "text": "hey"
      },
      {
        "intent": "greet",
        "text": "hello"
      },
      {
        "intent": "greet",
        "text": "hi"
      },
      {
        "intent": "greet",
        "text": "hello there"
      },
      {
        "intent": "greet",
        "text": "good morning"
      },
      {
        "intent": "greet",
        "text": "good evening"
      },
      {
        "intent": "greet",
        "text": "moin"
      },
      {
        "intent": "greet",
        "text": "hey there"
      },
      {
        "intent": "greet",
        "text": "let's go"
      },
      {
        "intent": "greet",
        "text": "hey dude"
      },
      {
        "intent": "greet",
        "text": "goodmorning"
      },
      {
        "intent": "greet",
        "text": "goodevening"
      },
      {
        "intent": "greet",
        "text": "good afternoon"
      },
      {
        "intent": "goodbye",
        "text": "cu"
      },
      {
        "intent": "goodbye",
        "text": "good by"
      },
      {
        "intent": "goodbye",
        "text": "cee you later"
      },
      {
        "intent": "goodbye",
        "text": "good night"
      },
      {
        "intent": "goodbye",
        "text": "good afternoon"
      },
      {
        "intent": "goodbye",
        "text": "bye"
      },
      {
        "intent": "goodbye",
        "text": "goodbye"
      },
      {
        "intent": "goodbye",
        "text": "have a nice day"
      },
      {
        "intent": "goodbye",
        "text": "see you around"
      },
      {
        "intent": "goodbye",
        "text": "bye bye"
      },
      {
        "intent": "goodbye",
        "text": "see you later"
      },
      {
        "intent": "mood_affirm",
        "text": "yes"
      },
      {
        "intent": "mood_affirm",
        "text": "indeed"
      },
      {
        "intent": "mood_affirm",
        "text": "of course"
      },
      {
        "intent": "mood_affirm",
        "text": "that sounds good"
      },
      {
        "intent": "mood_affirm",
        "text": "correct"
      },
      {
        "intent": "mood_deny",
        "text": "no"
      },
      {
        "intent": "mood_deny",
        "text": "never"
      },
      {
        "intent": "mood_deny",
        "text": "I don't think so"
      },
      {
        "intent": "mood_deny",
        "text": "don't like that"
      },
      {
        "intent": "mood_deny",
        "text": "no way"
      },
      {
        "intent": "mood_deny",
        "text": "not really"
      },
      {
        "intent": "mood_great",
        "text": "perfect"
      },
      {
        "intent": "mood_great",
        "text": "very good"
      },
      {
        "intent": "mood_great",
        "text": "great"
      },
      {
        "intent": "mood_great",
        "text": "amazing"
      },
      {
        "intent": "mood_great",
        "text": "feeling like a king"
      },
      {
        "intent": "mood_great",
        "text": "wonderful"
      },
      {
        "intent": "mood_great",
        "text": "I am feeling very good"
      },
      {
        "intent": "mood_great",
        "text": "I am great"
      },
      {
        "intent": "mood_great",
        "text": "I am amazing"
      },
      {
        "intent": "mood_great",
        "text": "I am going to save the world"
      },
      {
        "intent": "mood_great",
        "text": "super"
      },
      {
        "intent": "mood_great",
        "text": "extremely good"
      },
      {
        "intent": "mood_great",
        "text": "so so perfect"
      },
      {
        "intent": "mood_great",
        "text": "so good"
      },
      {
        "intent": "mood_great",
        "text": "so perfect"
      },
      {
        "intent": "mood_unhappy",
        "text": "my day was horrible"
      },
      {
        "intent": "mood_unhappy",
        "text": "I am sad"
      },
      {
        "intent": "mood_unhappy",
        "text": "I don't feel very well"
      },
      {
        "intent": "mood_unhappy",
        "text": "I am disappointed"
      },
      {
        "intent": "mood_unhappy",
        "text": "super sad"
      },
      {
        "intent": "mood_unhappy",
        "text": "I'm so sad"
      },
      {
        "intent": "mood_unhappy",
        "text": "sad"
      },
      {
        "intent": "mood_unhappy",
        "text": "very sad"
      },
      {
        "intent": "mood_unhappy",
        "text": "unhappy"
      },
      {
        "intent": "mood_unhappy",
        "text": "bad"
      },
      {
        "intent": "mood_unhappy",
        "text": "very bad"
      },
      {
        "intent": "mood_unhappy",
        "text": "awful"
      },
      {
        "intent": "mood_unhappy",
        "text": "terrible"
      },
      {
        "intent": "mood_unhappy",
        "text": "not so good"
      },
      {
        "intent": "mood_unhappy",
        "text": "not very good"
      },
      {
        "intent": "mood_unhappy",
        "text": "extremly sad"
      },
      {
        "intent": "mood_unhappy",
        "text": "so saad"
      },
      {
        "intent": "mood_unhappy",
        "text": "so sad"
      }
    ],
    "regex_features": [],
    "entity_synonyms": []
  }
}